instance_type,scope3_hourly,slope,intercept,error,r_value,p_value,max_power
a1.medium,1.8,0.028870967741935483,1.4701612903225807,0.004012046117365423,0.9812307724222119,0.018769227577788098,4.2
a1.large,3.7,0.05870967741935484,2.926612903225807,0.007710369114604984,0.9831860820339369,0.016813917966063123,8.5
a1.xlarge,7.4,0.11725806451612904,5.834677419354837,0.014867389885178817,0.9843013415002092,0.01569865849979079,17.0
a1.2xlarge,14.8,0.23516129032258065,11.618548387096773,0.030297368550800112,0.9838033163771658,0.016196683622834215,34.0
a1.4xlarge,29.6,0.4700000000000001,23.224999999999994,0.06112355282276554,0.9835042966858377,0.016495703314162277,67.9
a1.metal,29.6,0.4700000000000001,23.224999999999994,0.06112355282276554,0.9835042966858377,0.016495703314162277,67.9
c1.medium,1.9,0.07048387096774195,3.655645161290322,0.010798926123047146,0.977321755710035,0.022678244289965007,10.3
c1.xlarge,7.4,0.28145161290322585,14.666935483870967,0.04352829584330008,0.9769067078589337,0.023093292141066254,41.2
cr1.8xlarge,46.8,2.7640322580645162,150.13870967741934,0.36400983608967313,0.9830949127546423,0.016905087245357664,415.4
cc2.8xlarge,45.2,2.083548387096774,108.53306451612903,0.3188802783081149,0.9773688091956612,0.02263119080433884,305.3
c3.large,2.0,0.10693548387096774,5.572580645161292,0.01614394471907684,0.9779590806341205,0.022040919365879482,15.7
c3.xlarge,3.9,0.21338709677419354,11.214516129032258,0.032202573238873156,0.9779753124353889,0.022024687564611064,31.4
c3.2xlarge,7.9,0.4279032258064516,22.333870967741937,0.06462219104488973,0.9779445176596969,0.02205548234030307,62.8
c3.4xlarge,15.8,0.8546774193548385,44.76290322580645,0.1290268648066421,0.9779600533203653,0.022039946679634718,125.6
c3.8xlarge,31.5,1.7091935483870968,89.50725806451612,0.25754790781114456,0.9780395408651091,0.02196045913489086,251.2
c4.large,1.7,0.12241935483870968,6.453225806451613,0.01903669986440321,0.9766617053363842,0.023338294663615814,18.0
c4.xlarge,3.4,0.24612903225806454,12.829838709677416,0.036911617165735204,0.9782408039342902,0.02175919606570975,36.1
c4.2xlarge,6.7,0.49145161290322575,25.666935483870972,0.07504538169145002,0.9774673833508233,0.02253261664917671,72.1
c4.4xlarge,13.4,0.9840322580645163,51.33870967741935,0.15031128816784287,0.9774534339459483,0.022546566054051698,144.3
c4.8xlarge,30.2,2.1861290322580644,113.8298387096774,0.3361228890064587,0.9771667033239492,0.02283329667605083,320.2
c5.large,1.1,0.12629032258064515,5.948387096774194,0.01517286791993231,0.9858709066958045,0.014129093304195537,18.0
c5.xlarge,2.2,0.25225806451612903,11.859677419354838,0.031209989995934093,0.9850354861063022,0.014964513893697795,35.9
c5.2xlarge,4.3,0.5048387096774194,23.73145161290323,0.061893729625136236,0.9852996194605776,0.014700380539422353,71.9
c5.4xlarge,8.6,1.0091935483870966,47.432258064516134,0.12376355179689195,0.9852913874500404,0.014708612549959591,143.7
c5.9xlarge,19.4,2.2711290322580644,106.75483870967741,0.2787547333279885,0.985267376885508,0.014732623114491968,323.4
c5.12xlarge,19.4,3.634516129032258,122.61935483870968,0.45749260071463316,0.9845225210552303,0.01547747894476969,466.6
c5.18xlarge,38.9,4.541612903225807,213.5604838709677,0.5569467000449392,0.9852923665001158,0.014707633499884238,646.8
c5.24xlarge,38.9,7.268548387096774,245.30806451612898,0.9151536507464243,0.984514939525793,0.015485060474206945,933.2
c5.metal,38.9,7.268548387096774,245.30806451612898,0.9151536507464243,0.984514939525793,0.015485060474206945,933.2
c5a.large,0.7,0.0664516129032258,3.2169354838709676,0.009199559438394983,0.981368326710258,0.018631673289742016,9.5
c5a.xlarge,1.5,0.1320967741935484,6.466129032258064,0.017280284158645593,0.9833144473620252,0.016685552637974777,19.0
c5a.2xlarge,3.0,0.26370967741935486,12.976612903225805,0.0348524278547036,0.9829778835572326,0.017022116442767413,38.0
c5a.4xlarge,6.0,0.5283870967741936,25.93951612903226,0.06939332203144509,0.9831860820339368,0.01681391796606324,76.1
c5a.8xlarge,12.0,1.0566129032258065,51.86048387096774,0.14021192800708202,0.9828427414606778,0.01715725853932215,152.1
c5a.12xlarge,18.0,1.585,77.79999999999998,0.2096050433399644,0.9829575882983512,0.01704241170164877,228.2
c5a.16xlarge,24.0,2.1146774193548388,103.66290322580645,0.279814793995253,0.9829381431422876,0.017061856857712446,304.3
c5a.24xlarge,36.0,3.1711290322580643,155.50483870967744,0.41946222260349786,0.9829494420436117,0.017050557956388317,456.4
c5ad.large,0.9,0.0664516129032258,3.2169354838709676,0.009199559438394983,0.981368326710258,0.018631673289742016,9.5
c5ad.xlarge,1.7,0.1320967741935484,6.466129032258064,0.017280284158645593,0.9833144473620252,0.016685552637974777,19.0
c5ad.2xlarge,3.5,0.26370967741935486,12.976612903225805,0.0348524278547036,0.9829778835572326,0.017022116442767413,38.0
c5ad.4xlarge,7.0,0.5283870967741936,25.93951612903226,0.06939332203144509,0.9831860820339368,0.01681391796606324,76.1
c5ad.8xlarge,13.9,1.0566129032258065,51.86048387096774,0.14021192800708202,0.9828427414606778,0.01715725853932215,152.1
c5ad.12xlarge,20.9,1.585,77.79999999999998,0.2096050433399644,0.9829575882983512,0.01704241170164877,228.2
c5ad.16xlarge,27.9,2.1146774193548388,103.66290322580645,0.279814793995253,0.9829381431422876,0.017061856857712446,304.3
c5ad.24xlarge,41.8,3.1711290322580643,155.50483870967744,0.41946222260349786,0.9829494420436117,0.017050557956388317,456.4
c5d.large,1.2,0.12629032258064515,5.948387096774194,0.01517286791993231,0.9858709066958045,0.014129093304195537,18.0
c5d.xlarge,2.5,0.25225806451612903,11.859677419354838,0.031209989995934093,0.9850354861063022,0.014964513893697795,35.9
c5d.2xlarge,5.0,0.5048387096774194,23.73145161290323,0.061893729625136236,0.9852996194605776,0.014700380539422353,71.9
c5d.4xlarge,9.9,1.0091935483870966,47.432258064516134,0.12376355179689195,0.9852913874500404,0.014708612549959591,143.7
c5d.9xlarge,22.3,2.2711290322580644,106.75483870967741,0.2787547333279885,0.985267376885508,0.014732623114491968,323.4
c5d.12xlarge,25.2,3.634516129032258,122.61935483870968,0.45749260071463316,0.9845225210552303,0.01547747894476969,466.6
c5d.18xlarge,44.7,4.541612903225807,213.5604838709677,0.5569467000449392,0.9852923665001158,0.014707633499884238,646.8
c5d.24xlarge,50.5,7.268548387096774,245.30806451612898,0.9151536507464243,0.984514939525793,0.015485060474206945,933.2
c5d.metal,50.5,7.268548387096774,245.30806451612898,0.9151536507464243,0.984514939525793,0.015485060474206945,933.2
c5n.large,1.1,0.13435483870967743,6.2508064516129025,0.01613931124074695,0.9858751048031714,0.014124895196828583,19.1
c5n.xlarge,2.2,0.26838709677419353,12.48951612903226,0.03276427412119581,0.9854219486339857,0.014578051366014312,38.1
c5n.2xlarge,4.3,0.537741935483871,24.965322580645157,0.0652265821880421,0.985603939462232,0.014396060537767985,76.3
c5n.4xlarge,8.6,1.074032258064516,49.98870967741936,0.13108394058659023,0.985428957977512,0.014571042022488042,152.5
c5n.9xlarge,19.4,2.4287096774193553,112.75161290322579,0.29576168444447276,0.9854922245638981,0.014507775436101926,344.6
c5n.18xlarge,38.9,4.857096774193549,225.49112903225802,0.5920287183759706,0.9854660749483161,0.014533925051683935,689.1
c5n.metal,38.9,4.857096774193549,225.49112903225802,0.5920287183759706,0.9854660749483161,0.014533925051683935,689.1
c6g.medium,0.5,0.028709677419354835,1.3516129032258066,0.003474299875570644,0.9856694257471378,0.01433057425286221,4.1
c6g.large,1.0,0.05596774193548387,2.7862903225806455,0.007221683011257737,0.9837550940369371,0.016244905963062935,8.1
c6g.xlarge,2.1,0.11129032258064517,5.598387096774194,0.014198129759149527,0.9841108886442906,0.015889111355709362,16.2
c6g.2xlarge,4.2,0.2238709677419355,11.120161290322583,0.02917494060335266,0.9834373690222586,0.01656263097774135,32.4
c6g.4xlarge,8.4,0.4479032258064517,22.258870967741927,0.056938168172123806,0.9842215557981027,0.015778444201897335,64.9
c6g.8xlarge,16.7,0.895967741935484,44.511290322580635,0.1147610397909593,0.9839869498697111,0.016013050130288864,129.8
c6g.12xlarge,25.1,1.3438709677419354,66.77016129032258,0.17169801809361038,0.9840655364263174,0.015934463573682552,194.7
c6g.16xlarge,33.4,1.79241935483871,88.97822580645162,0.22919762033566934,0.9840395283068327,0.01596047169316727,259.6
c6g.metal,33.4,1.79241935483871,88.97822580645162,0.22919762033566934,0.9840395283068327,0.01596047169316727,259.6
c6gd.medium,0.6,0.028709677419354835,1.3516129032258066,0.003474299875570644,0.9856694257471378,0.01433057425286221,4.1
c6gd.large,1.2,0.05596774193548387,2.7862903225806455,0.007221683011257737,0.9837550940369371,0.016244905963062935,8.1
c6gd.xlarge,2.5,0.11129032258064517,5.598387096774194,0.014198129759149527,0.9841108886442906,0.015889111355709362,16.2
c6gd.2xlarge,4.9,0.2238709677419355,11.120161290322583,0.02917494060335266,0.9834373690222586,0.01656263097774135,32.4
c6gd.4xlarge,9.8,0.4479032258064517,22.258870967741927,0.056938168172123806,0.9842215557981027,0.015778444201897335,64.9
c6gd.8xlarge,19.6,0.895967741935484,44.511290322580635,0.1147610397909593,0.9839869498697111,0.016013050130288864,129.8
c6gd.12xlarge,29.4,1.3438709677419354,66.77016129032258,0.17169801809361038,0.9840655364263174,0.015934463573682552,194.7
c6gd.16xlarge,39.2,1.79241935483871,88.97822580645162,0.22919762033566934,0.9840395283068327,0.01596047169316727,259.6
c6gd.metal,39.2,1.79241935483871,88.97822580645162,0.22919762033566934,0.9840395283068327,0.01596047169316727,259.6
c6gn.medium,0.5,0.028709677419354835,1.3516129032258066,0.003474299875570644,0.9856694257471378,0.01433057425286221,4.1
c6gn.large,1.0,0.05596774193548387,2.7862903225806455,0.007221683011257737,0.9837550940369371,0.016244905963062935,8.1
c6gn.xlarge,2.1,0.11129032258064517,5.598387096774194,0.014198129759149527,0.9841108886442906,0.015889111355709362,16.2
c6gn.2xlarge,4.2,0.2238709677419355,11.120161290322583,0.02917494060335266,0.9834373690222586,0.01656263097774135,32.4
c6gn.4xlarge,8.4,0.4479032258064517,22.258870967741927,0.056938168172123806,0.9842215557981027,0.015778444201897335,64.9
c6gn.8xlarge,16.7,0.895967741935484,44.511290322580635,0.1147610397909593,0.9839869498697111,0.016013050130288864,129.8
c6gn.12xlarge,25.1,1.3438709677419354,66.77016129032258,0.17169801809361038,0.9840655364263174,0.015934463573682552,194.7
c6gn.16xlarge,33.4,1.79241935483871,88.97822580645162,0.22919762033566934,0.9840395283068327,0.01596047169316727,259.6
d2.xlarge,6.3,0.2751612903225807,15.143548387096772,0.03429572378789039,0.9848180838680367,0.015181916131963291,41.7
d2.2xlarge,12.6,0.5496774193548388,30.312903225806444,0.06874412282134788,0.9847169649139452,0.015283035086054773,83.4
d2.4xlarge,25.2,1.1,60.599999999999994,0.13733054073786635,0.9847686834168046,0.01523131658319543,166.8
d2.8xlarge,56.8,2.359516129032258,129.54435483870967,0.2999362900612963,0.9842224948615746,0.01577750513842535,356.9
d3.xlarge,3.2,0.31467741935483867,13.062903225806451,0.03257046311672379,0.9894560014211498,0.010543998578850241,43.3
d3.2xlarge,6.3,0.6301612903225806,26.093548387096774,0.06624723896235445,0.9891281247422163,0.010871875257783657,86.6
d3.4xlarge,12.7,1.2606451612903224,52.1241935483871,0.13162980204604385,0.9892726992806696,0.010727300719330365,173.2
d3.8xlarge,25.4,2.520806451612903,104.29274193548389,0.2635770481316025,0.9892431672630676,0.010756832736932398,346.4
d3en.xlarge,3.1,0.2362903225806452,10.073387096774194,0.02596861849852922,0.9881362137480818,0.011863786251918194,32.7
d3en.2xlarge,6.1,0.47354838709677427,20.03306451612903,0.05162632134048362,0.9883223865328847,0.011677613467115265,65.4
d3en.4xlarge,12.3,0.9449999999999998,40.175,0.10331306166055415,0.988257928140206,0.011742071859794034,130.7
d3en.6xlarge,18.4,1.4187096774193548,60.2266129032258,0.15550053869301925,0.9881985491941887,0.011801450805811296,196.1
d3en.8xlarge,24.5,1.8912903225806448,80.27338709677421,0.20743774375416527,0.9881829914411014,0.011817008558898558,261.4
d3en.12xlarge,36.8,2.837258064516129,120.43467741935484,0.3104394501110033,0.9882390726850864,0.011760927314913627,392.2
dc2.large,2.6,0.14774193548387096,8.16532258064516,0.019041311406056947,0.9837921038152195,0.01620789618478046,22.4
dc2.8xlarge,42.0,2.3917741935483874,131.2040322580645,0.3048489821617869,0.9841400921582886,0.015859907841711426,361.6
ds2.xlarge,4.4,0.2767741935483871,15.279032258064516,0.034693919555309434,0.9846480312377006,0.015351968762299384,42.0
ds2.8xlarge,39.4,2.359516129032258,129.54435483870967,0.2999362900612963,0.9842224948615746,0.01577750513842535,356.9
f1.2xlarge,9.1,0.7135483870967742,40.90806451612904,0.08000601564271156,0.9876603877639114,0.01233961223608859,110.9
f1.4xlarge,18.2,1.4258064516129032,81.89274193548388,0.15984833228416026,0.9876632700619986,0.012336729938001386,221.8
f1.16xlarge,72.8,5.704193548387097,327.45725806451617,0.6403148461790105,0.9876324617207455,0.012367538279254518,887.1
g2.2xlarge,14.2,2.495645161290322,72.1491935483871,0.39238825400801086,0.9761594715714486,0.02384052842855144,305.4
g2.8xlarge,56.7,9.984032258064516,288.51370967741934,1.5690943220263034,0.9761795926069371,0.0238204073930629,1221.7
g3s.xlarge,3.8,2.87758064516129,73.5717741935484,0.44471549528679427,0.9769388460803712,0.023061153919628815,342.7
g3.4xlarge,15.1,3.6070967741935482,114.26612903225808,0.521639609705927,0.9797205544444978,0.020279445555502203,454.1
g3.8xlarge,30.3,7.215645161290321,228.47419354838706,1.0426958862670823,0.9797504456486237,0.020249554351376316,908.3
g3.16xlarge,60.6,14.43032258064516,456.96209677419347,2.0857145997281763,0.9797417300512123,0.020258269948787655,1816.5
g4dn.xlarge,3.6,0.8514516129032258,24.016935483870974,0.12325374936516251,0.9796818096176374,0.020318190382362596,104.0
g4dn.2xlarge,7.3,1.0877419354838709,34.09032258064516,0.14897726258012975,0.9817537475769669,0.018246252423033127,136.7
g4dn.4xlarge,14.5,1.5603225806451613,54.13709677419356,0.20061384726084844,0.98386815561571,0.01613184438429005,202.0
g4dn.8xlarge,29.0,2.5053225806451613,94.31209677419352,0.3036009497359013,0.9856305933053616,0.014369406694638383,332.7
g4dn.16xlarge,58.1,4.39758064516129,174.5717741935484,0.5104955854029712,0.9867905650606067,0.013209434939393305,594.2
g4dn.12xlarge,43.6,5.296129032258064,176.4298387096774,0.69922506626139,0.9830121180919967,0.016987881908003263,677.4
g4dn.metal,87.1,10.590806451612902,352.9427419354839,1.3988792595797597,0.9829974133147433,0.017002586685256667,1354.7
g4ad.4xlarge,11.1,2.6224193548387094,78.20322580645163,0.3881494255913426,0.9787870542681173,0.021212945731882697,324.4
g4ad.8xlarge,22.3,5.2458064516129035,156.39274193548388,0.7759654999263571,0.9788122662126691,0.021187733787330857,648.9
g4ad.16xlarge,44.6,10.492258064516129,312.7346774193548,1.5524402198011316,0.9788013237061215,0.021198676293878494,1297.8
h1.2xlarge,8.5,0.3796774193548386,20.512903225806458,0.05048103671318475,0.9827776072997816,0.017222392700218414,56.9
h1.4xlarge,16.9,0.7580645161290323,41.10241935483871,0.1003880672583486,0.9829113695074413,0.017088630492558706,113.8
h1.8xlarge,33.9,1.5159677419354838,82.18629032258065,0.20204732229715539,0.9826963099975463,0.017303690002453683,227.5
h1.16xlarge,67.7,3.033225806451613,164.2959677419355,0.402983128586146,0.9828031956888434,0.017196804311156548,455.1
hs1.8xlarge,37.9,1.3630645161290322,73.9524193548387,0.1801319574988924,0.9829803750021004,0.017019624997899555,204.7
i2.xlarge,6.4,0.2987096774193549,16.42661290322581,0.03811821321862078,0.9841030642015071,0.01589693579849294,45.2
i2.2xlarge,12.8,0.5985483870967743,32.758064516129025,0.0763728837856184,0.9841061598772449,0.01589384012275507,90.4
i2.4xlarge,25.7,1.195967741935484,65.61129032258064,0.15260881721778619,0.9841047137999043,0.01589528620009573,180.8
i2.8xlarge,51.3,2.3917741935483874,131.2040322580645,0.3048489821617869,0.9841400921582886,0.015859907841711426,361.6
i3.large,2.1,0.12193548387096775,6.77258064516129,0.015045024345085811,0.9851151699991505,0.014884830000849501,18.6
i3.xlarge,4.2,0.24274193548387096,13.56532258064516,0.029128313319460104,0.9859044395785386,0.01409556042146143,37.1
i3.2xlarge,8.3,0.487258064516129,27.084677419354843,0.05898392830362325,0.9856606612128321,0.014339338787167871,74.3
i3.4xlarge,16.6,0.9732258064516129,54.245967741935495,0.1175636354349883,0.9857196879486594,0.014280312051340619,148.6
i3.8xlarge,33.3,1.9462903225806454,108.47338709677418,0.2362615720701193,0.9855822076973484,0.014417792302651613,297.1
i3.16xlarge,66.6,3.8938709677419348,216.8701612903226,0.4714865472693596,0.9856533511867709,0.014346648813229114,594.3
i3.metal,74.9,4.241774193548387,235.6790322580645,0.5189498145192794,0.9853601602801644,0.01463983971983562,646.3
i3en.large,1.8,0.22161290322580646,6.510483870967741,0.017346959777654793,0.9939286196970183,0.00607138030298171,27.9
i3en.xlarge,3.5,0.4441935483870968,13.007258064516126,0.03433523975255964,0.9940780533670667,0.005921946632933327,55.9
i3en.2xlarge,7.1,0.8875806451612903,26.046774193548387,0.06754551015224751,0.9942585114638134,0.005741488536186611,111.8
i3en.3xlarge,10.6,1.331774193548387,39.0540322580645,0.10188069551503057,0.994198630661411,0.00580136933858899,167.7
i3en.6xlarge,21.3,2.663064516129032,78.15241935483874,0.2038439619465365,0.9941918770477313,0.005808122952268732,335.4
i3en.12xlarge,42.6,5.326612903225806,156.26048387096773,0.4076047629996218,0.9941952712973129,0.005804728702687111,670.8
i3en.24xlarge,85.2,10.653709677419355,312.4516129032257,0.8149339314908334,0.9941996836548741,0.0058003163451259,1341.6
i3en.metal,85.2,10.653709677419355,312.4516129032257,0.8149339314908334,0.9941996836548741,0.0058003163451259,1341.6
inf1.xlarge,1.6,0.30306451612903224,10.20241935483871,0.038003898562270114,0.9846366093110516,0.015363390688948434,38.9
inf1.2xlarge,3.2,0.6061290322580645,20.42983870967742,0.07599585980562522,0.9846413240941374,0.015358675905862597,77.8
inf1.6xlarge,9.7,1.8175806451612904,61.29677419354839,0.22898508714603238,0.98449631594604,0.015503684053959962,233.3
inf1.24xlarge,38.9,7.268548387096774,245.30806451612898,0.9151536507464243,0.984514939525793,0.015485060474206945,933.2
m1.small,1.5,0.055161290322580644,2.793548387096774,0.008399494558897748,0.977589857558343,0.022410142441656955,8.0
m1.medium,1.5,0.061451612903225795,3.341935483870968,0.008645973722056822,0.9807737733963575,0.019226226603642482,9.2
m1.large,3.0,0.12403225806451611,6.588709677419357,0.01748085023303867,0.9807094010096606,0.019290598990339355,18.4
m1.xlarge,5.9,0.24806451612903221,13.177419354838714,0.03496170046607734,0.9807094010096606,0.019290598990339355,36.8
m2.xlarge,3.0,0.17983870967741936,9.806451612903226,0.02358895092239477,0.9832267999659382,0.016773200034061794,27.1
m2.2xlarge,6.0,0.35854838709677417,19.633064516129036,0.046328451757507196,0.9837112834804363,0.016288716519563654,54.1
m2.4xlarge,12.1,0.7187096774193549,39.20161290322581,0.09303124580005002,0.9836544409489222,0.016345559051077815,108.3
m3.medium,1.5,0.07225806451612903,3.809677419354839,0.00970694420860073,0.982427792774146,0.01757220722585395,10.7
m3.large,2.9,0.14387096774193547,7.64516129032258,0.021150567700368418,0.9790641709943004,0.02093582900569957,21.3
m3.xlarge,5.8,0.2880645161290323,15.227419354838709,0.04143278096132814,0.979933069252559,0.02006693074744104,42.6
m3.2xlarge,11.7,0.5756451612903226,30.499193548387087,0.0832553007877648,0.9797165447204929,0.020283455279507145,85.2
m4.large,1.2,0.09435483870967742,5.150806451612904,0.012539998439955635,0.982791526014879,0.01720847398512104,14.2
m4.xlarge,2.3,0.18870967741935485,10.301612903225807,0.02507999687991127,0.982791526014879,0.01720847398512104,28.4
m4.2xlarge,4.6,0.3796774193548386,20.512903225806458,0.05048103671318475,0.9827776072997816,0.017222392700218414,56.9
m4.4xlarge,9.2,0.7580645161290323,41.10241935483871,0.1003880672583486,0.9829113695074413,0.017088630492558706,113.8
m4.10xlarge,34.5,2.2095161290322576,118.7443548387097,0.3025384604165516,0.9817627942839254,0.018237205716074567,329.9
m4.16xlarge,36.9,3.033225806451613,164.2959677419355,0.402983128586146,0.9828031956888434,0.017196804311156548,455.1
m5.large,1.0,0.15403225806451612,5.213709677419355,0.014218041549914264,0.9915870446307833,0.008412955369216716,20.0
m5.xlarge,1.9,0.30709677419354836,10.441129032258067,0.028786256150882053,0.9913275558635379,0.008672444136462065,39.9
m5.2xlarge,3.9,0.6148387096774194,20.85645161290323,0.058118926120163686,0.9911826308444714,0.008817369155528552,79.8
m5.4xlarge,7.8,1.229032258064516,41.76370967741936,0.11578682217500348,0.9912409629104875,0.008759037089512532,159.6
m5.8xlarge,15.5,2.4583870967741936,83.53951612903225,0.23066372866839124,0.9913110190185369,0.008688980981463089,319.3
m5.12xlarge,23.3,3.688064516129032,125.25241935483868,0.34690152388490836,0.9912683150493814,0.0087316849506186,478.9
m5.16xlarge,31.1,4.917096774193548,167.01612903225805,0.4626874286250896,0.9912615164120699,0.008738483587930055,638.5
m5.24xlarge,46.6,7.3754838709677415,250.55564516129039,0.6933509705901526,0.9912780362003129,0.008721963799687149,957.8
m5.metal,46.6,7.3754838709677415,250.55564516129039,0.6933509705901526,0.9912780362003129,0.008721963799687149,957.8
m5a.large,1.0,0.10354838709677419,5.108064516129033,0.012737851530085293,0.9852027155146571,0.014797284485342892,15.0
m5a.xlarge,1.9,0.2056451612903226,10.299193548387095,0.02573111483304811,0.9847023480879366,0.015297651912063446,29.9
m5a.2xlarge,3.9,0.4112903225806452,20.57338709677419,0.05183501853691337,0.9844850650299843,0.015514934970015659,59.8
m5a.4xlarge,7.8,0.8220967741935484,41.21612903225806,0.10362492146986547,0.9844804227861919,0.01551957721380814,119.6
m5a.8xlarge,15.5,1.6456451612903227,82.37419354838708,0.206612934703228,0.9846000495699941,0.015399950430005862,239.3
m5a.12xlarge,23.3,2.4683870967741934,123.53951612903226,0.3108068805762315,0.9845127779716011,0.015487222028398912,358.9
m5a.16xlarge,31.1,3.2908064516129034,164.69274193548387,0.4135647029517586,0.9845709338513936,0.0154290661486064,478.5
m5a.24xlarge,46.6,4.936451612903225,247.06693548387096,0.6201774873089385,0.9845806501865838,0.015419349813416194,717.8
m5ad.large,1.2,0.10354838709677419,5.108064516129033,0.012737851530085293,0.9852027155146571,0.014797284485342892,15.0
m5ad.xlarge,2.4,0.2056451612903226,10.299193548387095,0.02573111483304811,0.9847023480879366,0.015297651912063446,29.9
m5ad.2xlarge,4.8,0.4112903225806452,20.57338709677419,0.05183501853691337,0.9844850650299843,0.015514934970015659,59.8
m5ad.4xlarge,9.7,0.8220967741935484,41.21612903225806,0.10362492146986547,0.9844804227861919,0.01551957721380814,119.6
m5ad.8xlarge,19.4,1.6456451612903227,82.37419354838708,0.206612934703228,0.9846000495699941,0.015399950430005862,239.3
m5ad.12xlarge,29.1,2.4683870967741934,123.53951612903226,0.3108068805762315,0.9845127779716011,0.015487222028398912,358.9
m5ad.16xlarge,38.8,3.2908064516129034,164.69274193548387,0.4135647029517586,0.9845709338513936,0.0154290661486064,478.5
m5ad.24xlarge,58.2,4.936451612903225,247.06693548387096,0.6201774873089385,0.9845806501865838,0.015419349813416194,717.8
m5d.large,1.2,0.15403225806451612,5.213709677419355,0.014218041549914264,0.9915870446307833,0.008412955369216716,20.0
m5d.xlarge,2.4,0.30709677419354836,10.441129032258067,0.028786256150882053,0.9913275558635379,0.008672444136462065,39.9
m5d.2xlarge,4.8,0.6148387096774194,20.85645161290323,0.058118926120163686,0.9911826308444714,0.008817369155528552,79.8
m5d.4xlarge,9.7,1.229032258064516,41.76370967741936,0.11578682217500348,0.9912409629104875,0.008759037089512532,159.6
m5d.8xlarge,19.4,2.4583870967741936,83.53951612903225,0.23066372866839124,0.9913110190185369,0.008688980981463089,319.3
m5d.12xlarge,29.1,3.688064516129032,125.25241935483868,0.34690152388490836,0.9912683150493814,0.0087316849506186,478.9
m5d.16xlarge,38.8,4.917096774193548,167.01612903225805,0.4626874286250896,0.9912615164120699,0.008738483587930055,638.5
m5d.24xlarge,58.2,7.3754838709677415,250.55564516129039,0.6933509705901526,0.9912780362003129,0.008721963799687149,957.8
m5d.metal,58.2,7.3754838709677415,250.55564516129039,0.6933509705901526,0.9912780362003129,0.008721963799687149,957.8
m5dn.large,1.2,0.11790322580645163,5.008870967741936,0.013137737860355122,0.987810328893786,0.012189671106214045,16.3
m5dn.xlarge,2.4,0.2362903225806452,10.073387096774194,0.02596861849852922,0.9881362137480818,0.011863786251918194,32.7
m5dn.2xlarge,4.8,0.47354838709677427,20.03306451612903,0.05162632134048362,0.9883223865328847,0.011677613467115265,65.4
m5dn.4xlarge,9.7,0.9449999999999998,40.175,0.10331306166055415,0.988257928140206,0.011742071859794034,130.7
m5dn.8xlarge,19.4,1.8912903225806448,80.27338709677421,0.20743774375416527,0.9881829914411014,0.011817008558898558,261.4
m5dn.12xlarge,29.1,2.837258064516129,120.43467741935484,0.3104394501110033,0.9882390726850864,0.011760927314913627,392.2
m5dn.16xlarge,38.8,3.782741935483871,160.56532258064516,0.41345133573847903,0.9882635442190877,0.011736455780912314,522.9
m5dn.24xlarge,58.2,5.673548387096773,240.88306451612908,0.6211896388203324,0.9882235588374615,0.011776441162538513,784.3
m5dn.metal,58.2,5.673548387096773,240.88306451612908,0.6211896388203324,0.9882235588374615,0.011776441162538513,784.3
m5n.large,1.0,0.11790322580645163,5.008870967741936,0.013137737860355122,0.987810328893786,0.012189671106214045,16.3
m5n.xlarge,1.9,0.2362903225806452,10.073387096774194,0.02596861849852922,0.9881362137480818,0.011863786251918194,32.7
m5n.2xlarge,3.9,0.47354838709677427,20.03306451612903,0.05162632134048362,0.9883223865328847,0.011677613467115265,65.4
m5n.4xlarge,7.8,0.9449999999999998,40.175,0.10331306166055415,0.988257928140206,0.011742071859794034,130.7
m5n.8xlarge,15.5,1.8912903225806448,80.27338709677421,0.20743774375416527,0.9881829914411014,0.011817008558898558,261.4
m5n.12xlarge,23.3,2.837258064516129,120.43467741935484,0.3104394501110033,0.9882390726850864,0.011760927314913627,392.2
m5n.16xlarge,31.1,3.782741935483871,160.56532258064516,0.41345133573847903,0.9882635442190877,0.011736455780912314,522.9
m5n.24xlarge,46.6,5.673548387096773,240.88306451612908,0.6211896388203324,0.9882235588374615,0.011776441162538513,784.3
m5n.metal,46.6,5.673548387096773,240.88306451612908,0.6211896388203324,0.9882235588374615,0.011776441162538513,784.3
m5zn.large,1.6,0.22629032258064516,10.398387096774194,0.038693040779792506,0.9719857018875553,0.028014298112444717,31.3
m5zn.xlarge,3.2,0.452741935483871,20.81532258064516,0.0780926285691333,0.9715130311618181,0.028486968838181907,62.6
m5zn.2xlarge,6.5,0.9070967741935484,41.56612903225806,0.1562405460199222,0.9715907218605596,0.028409278139440393,125.3
m5zn.3xlarge,9.7,1.3598387096774194,62.381451612903234,0.23433284480415076,0.9715649425622302,0.028435057437769744,187.9
m5zn.6xlarge,19.4,2.7212903225806446,124.6983870967742,0.4687216380597675,0.9715907218605595,0.028409278139440493,375.9
m5zn.12xlarge,38.9,5.44241935483871,249.3782258064516,0.9367372686393179,0.9716300834085184,0.02836991659148158,751.8
m5zn.metal,38.9,5.44241935483871,249.3782258064516,0.9367372686393179,0.9716300834085184,0.02836991659148158,751.8
m6g.medium,0.6,0.03612903225806452,1.8048387096774192,0.0039868409981639475,0.9880408674883217,0.01195913251167835,5.3
m6g.large,1.2,0.07080645161290322,3.6927419354838715,0.00804958294820037,0.9873211483794437,0.01267885162055627,10.5
m6g.xlarge,2.4,0.14096774193548386,7.411290322580646,0.016074909191503676,0.9872448393621447,0.012755160637855319,21.0
m6g.2xlarge,4.8,0.2832258064516129,14.745967741935484,0.03275395060014523,0.9868884398538432,0.013111560146156779,42.0
m6g.4xlarge,9.6,0.5666129032258064,29.510483870967743,0.06420504638476263,0.9874021115205649,0.012597888479435103,84.1
m6g.8xlarge,19.3,1.1333870967741935,59.01451612903226,0.1294463617175649,0.9872054364861346,0.012794563513865433,168.2
m6g.12xlarge,28.9,1.7,88.525,0.19365072899090752,0.9872712356401472,0.01272876435985282,252.3
m6g.16xlarge,38.6,2.267258064516129,117.98467741935482,0.25846021829923455,0.9872526753421602,0.012747324657839787,336.4
m6g.metal,38.6,2.267258064516129,117.98467741935482,0.25846021829923455,0.9872526753421602,0.012747324657839787,336.4
m6gd.medium,0.7,0.03612903225806452,1.8048387096774192,0.0039868409981639475,0.9880408674883217,0.01195913251167835,5.3
m6gd.large,1.4,0.07080645161290322,3.6927419354838715,0.00804958294820037,0.9873211483794437,0.01267885162055627,10.5
m6gd.xlarge,2.8,0.14096774193548386,7.411290322580646,0.016074909191503676,0.9872448393621447,0.012755160637855319,21.0
m6gd.2xlarge,5.5,0.2832258064516129,14.745967741935484,0.03275395060014523,0.9868884398538432,0.013111560146156779,42.0
m6gd.4xlarge,11.1,0.5666129032258064,29.510483870967743,0.06420504638476263,0.9874021115205649,0.012597888479435103,84.1
m6gd.8xlarge,22.2,1.1333870967741935,59.01451612903226,0.1294463617175649,0.9872054364861346,0.012794563513865433,168.2
m6gd.12xlarge,33.3,1.7,88.525,0.19365072899090752,0.9872712356401472,0.01272876435985282,252.3
m6gd.16xlarge,44.4,2.267258064516129,117.98467741935482,0.25846021829923455,0.9872526753421602,0.012747324657839787,336.4
m6gd.metal,44.4,2.267258064516129,117.98467741935482,0.25846021829923455,0.9872526753421602,0.012747324657839787,336.4
m6i.large,0.8,0.11129032258064517,5.598387096774194,0.014198129759149527,0.9841108886442906,0.015889111355709362,16.2
m6i.xlarge,1.6,0.2238709677419355,11.120161290322583,0.02917494060335266,0.9834373690222586,0.01656263097774135,32.4
m6i.2xlarge,3.2,0.4479032258064517,22.258870967741927,0.056938168172123806,0.9842215557981027,0.015778444201897335,64.9
m6i.4xlarge,6.5,0.895967741935484,44.511290322580635,0.1147610397909593,0.9839869498697111,0.016013050130288864,129.8
m6i.8xlarge,12.9,1.79241935483871,88.97822580645162,0.22919762033566934,0.9840395283068327,0.01596047169316727,259.6
m6i.12xlarge,19.4,2.688548387096774,133.50806451612902,0.34450021483722304,0.9839747417257505,0.016025258274249495,389.4
m6i.16xlarge,25.9,3.5845161290322585,178.0193548387097,0.4592607619322311,0.9839778271720354,0.016022172827964584,519.2
m6i.24xlarge,38.8,5.375322580645161,267.06209677419355,0.6881996061978441,0.9840007797208227,0.01599922027917733,778.7
m6i.32xlarge,51.7,7.167419354838708,356.10322580645163,0.9182626789511995,0.9839796048872478,0.016020395112752217,1038.3
mac1.metal,29.6,0.6896774193548388,33.23790322580644,0.09561635996755066,0.9813161443296219,0.018683855670378113,98.4
p2.xlarge,7.2,2.990967741935484,80.46129032258062,0.44844122439598777,0.9782511206284404,0.021748879371559556,361.0
p2.8xlarge,57.8,23.925967741935484,643.8862903225806,3.589026810018005,0.9782304308313641,0.02176956916863593,2888.0
p2.16xlarge,115.6,46.94709677419355,1232.5161290322578,7.145881668338619,0.9776069755947814,0.02239302440521862,5629.7
p3.2xlarge,11.4,3.120322580645161,87.13709677419354,0.4695579041931027,0.9780959273509233,0.021904072649076678,379.8
p3.8xlarge,45.6,12.483709677419355,348.5516129032259,1.8795412677595709,0.9780745913763439,0.02192540862365611,1519.4
p3.16xlarge,91.1,24.967903225806452,697.058870967742,3.7588598589021296,0.9780779260691783,0.021922073930821684,3038.8
p3dn.24xlarge,102.5,31.72822580645161,792.5709677419359,4.170384066825053,0.9831585224225675,0.016841477577432474,3786.1
p4d.24xlarge,135.3,43.88725806451613,1109.284677419355,5.989974964183087,0.9818765737013034,0.018123426298696566,5245.0
ra3.4xlarge,15.3,0.8412903225806452,46.498387096774195,0.10464982985489125,0.9848767378617668,0.015123262138233222,127.8
ra3.16xlarge,61.1,3.3645161290322583,185.96935483870968,0.41717981235633894,0.98497120390031,0.015028796099689995,511.1
r3.large,2.3,0.14983870967741938,8.156451612903226,0.018943546670511742,0.9843896845755041,0.015610315424495863,22.6
r3.xlarge,4.7,0.2987096774193549,16.42661290322581,0.03811821321862078,0.9841030642015071,0.01589693579849294,45.2
r3.2xlarge,9.4,0.5985483870967743,32.758064516129025,0.0763728837856184,0.9841061598772449,0.01589384012275507,90.4
r3.4xlarge,18.7,1.195967741935484,65.61129032258064,0.15260881721778619,0.9841047137999043,0.01589528620009573,180.8
r3.8xlarge,37.4,2.3917741935483874,131.2040322580645,0.3048489821617869,0.9841400921582886,0.015859907841711426,361.6
r4.large,1.4,0.12193548387096775,6.77258064516129,0.015045024345085811,0.9851151699991505,0.014884830000849501,18.6
r4.xlarge,2.8,0.24274193548387096,13.56532258064516,0.029128313319460104,0.9859044395785386,0.01409556042146143,37.1
r4.2xlarge,5.6,0.487258064516129,27.084677419354843,0.05898392830362325,0.9856606612128321,0.014339338787167871,74.3
r4.4xlarge,11.3,0.9732258064516129,54.245967741935495,0.1175636354349883,0.9857196879486594,0.014280312051340619,148.6
r4.8xlarge,22.6,1.9462903225806454,108.47338709677418,0.2362615720701193,0.9855822076973484,0.014417792302651613,297.1
r4.16xlarge,45.1,3.8938709677419348,216.8701612903226,0.4714865472693596,0.9856533511867709,0.014346648813229114,594.3
r5.large,1.3,0.22161290322580646,6.510483870967741,0.017346959777654793,0.9939286196970183,0.00607138030298171,27.9
r5.xlarge,2.6,0.4441935483870968,13.007258064516126,0.03433523975255964,0.9940780533670667,0.005921946632933327,55.9
r5.2xlarge,5.2,0.8875806451612903,26.046774193548387,0.06754551015224751,0.9942585114638134,0.005741488536186611,111.8
r5.4xlarge,10.3,1.7759677419354838,52.061290322580646,0.13621590829729432,0.9941685881682739,0.005831411831726084,223.6
r5.8xlarge,20.7,3.551290322580645,104.14838709677417,0.2718143456507776,0.9941926715850496,0.005807328414950352,447.2
r5.12xlarge,31.0,5.326612903225806,156.26048387096773,0.4076047629996218,0.9941952712973129,0.005804728702687111,670.8
r5.16xlarge,41.3,7.10241935483871,208.30322580645156,0.5431199972617486,0.9942031795164284,0.005796820483571551,894.4
r5.24xlarge,62.0,10.653709677419355,312.4516129032257,0.8149339314908334,0.9941996836548741,0.0058003163451259,1341.6
r5.metal,62.0,10.653709677419355,312.4516129032257,0.8149339314908334,0.9941996836548741,0.0058003163451259,1341.6
r5a.large,1.3,0.13322580645161292,6.920967741935483,0.014716360960398956,0.9880170725014141,0.011982927498585871,19.8
r5a.xlarge,2.6,0.265,13.924999999999997,0.029474565306379073,0.9878539772075985,0.01214602279240151,39.5
r5a.2xlarge,5.2,0.53,27.824999999999996,0.05960048441024186,0.9875890851690169,0.01241091483098311,79.0
r5a.4xlarge,10.3,1.0595161290322581,55.71935483870967,0.11899395091263316,0.9876202694513085,0.012379730548691462,158.0
r5a.8xlarge,20.7,2.120483870967742,111.38064516129033,0.2372861598242117,0.9877083647914516,0.012291635208548365,316.1
r5a.12xlarge,31.0,3.1806451612903226,167.04919354838708,0.35689125019268975,0.9876424441012497,0.012357555898750316,474.1
r5a.16xlarge,41.3,4.240483870967743,222.70564516129033,0.47502513077723335,0.9876825704510046,0.012317429548995396,632.1
r5a.24xlarge,62.0,6.360967741935485,334.0862903225807,0.7123111913698058,0.9876911754208006,0.012308824579199353,948.2
r5ad.large,1.5,0.13322580645161292,6.920967741935483,0.014716360960398956,0.9880170725014141,0.011982927498585871,19.8
r5ad.xlarge,3.1,0.265,13.924999999999997,0.029474565306379073,0.9878539772075985,0.01214602279240151,39.5
r5ad.2xlarge,6.1,0.53,27.824999999999996,0.05960048441024186,0.9875890851690169,0.01241091483098311,79.0
r5ad.4xlarge,12.3,1.0595161290322581,55.71935483870967,0.11899395091263316,0.9876202694513085,0.012379730548691462,158.0
r5ad.8xlarge,24.5,2.120483870967742,111.38064516129033,0.2372861598242117,0.9877083647914516,0.012291635208548365,316.1
r5ad.12xlarge,36.8,3.1806451612903226,167.04919354838708,0.35689125019268975,0.9876424441012497,0.012357555898750316,474.1
r5ad.16xlarge,49.1,4.240483870967743,222.70564516129033,0.47502513077723335,0.9876825704510046,0.012317429548995396,632.1
r5ad.24xlarge,73.6,6.360967741935485,334.0862903225807,0.7123111913698058,0.9876911754208006,0.012308824579199353,948.2
r5d.large,1.5,0.15806451612903225,6.502419354838709,0.015974460951954355,0.98994014988242,0.01005985011758004,21.7
r5d.xlarge,3.1,0.31467741935483867,13.062903225806451,0.03257046311672379,0.9894560014211498,0.010543998578850241,43.3
r5d.2xlarge,6.1,0.6301612903225806,26.093548387096774,0.06624723896235445,0.9891281247422163,0.010871875257783657,86.6
r5d.4xlarge,12.3,1.2606451612903224,52.1241935483871,0.13162980204604385,0.9892726992806696,0.010727300719330365,173.2
r5d.8xlarge,24.5,2.520806451612903,104.29274193548389,0.2635770481316025,0.9892431672630676,0.010756832736932398,346.4
r5d.12xlarge,36.8,3.7809677419354837,156.4862903225807,0.3951951022400784,0.9892509389558205,0.010749061044179498,519.6
r5d.16xlarge,49.1,5.04258064516129,208.59677419354836,0.5265192081841754,0.9892726992806696,0.010727300719330365,692.9
r5d.24xlarge,73.6,7.563387096774193,312.88951612903224,0.7900957664988048,0.989262873923629,0.010737126076371003,1039.3
r5d.metal,73.6,7.563387096774193,312.88951612903224,0.7900957664988048,0.989262873923629,0.010737126076371003,1039.3
r5dn.large,1.5,0.15806451612903225,6.502419354838709,0.015974460951954355,0.98994014988242,0.01005985011758004,21.7
r5dn.xlarge,3.1,0.31467741935483867,13.062903225806451,0.03257046311672379,0.9894560014211498,0.010543998578850241,43.3
r5dn.2xlarge,6.1,0.6301612903225806,26.093548387096774,0.06624723896235445,0.9891281247422163,0.010871875257783657,86.6
r5dn.4xlarge,12.3,1.2606451612903224,52.1241935483871,0.13162980204604385,0.9892726992806696,0.010727300719330365,173.2
r5dn.8xlarge,24.5,2.520806451612903,104.29274193548389,0.2635770481316025,0.9892431672630676,0.010756832736932398,346.4
r5dn.12xlarge,36.8,3.7809677419354837,156.4862903225807,0.3951951022400784,0.9892509389558205,0.010749061044179498,519.6
r5dn.16xlarge,49.1,5.04258064516129,208.59677419354836,0.5265192081841754,0.9892726992806696,0.010727300719330365,692.9
r5dn.24xlarge,73.6,7.563387096774193,312.88951612903224,0.7900957664988048,0.989262873923629,0.010737126076371003,1039.3
r5dn.metal,73.6,7.563387096774193,312.88951612903224,0.7900957664988048,0.989262873923629,0.010737126076371003,1039.3
r5n.large,1.3,0.15806451612903225,6.502419354838709,0.015974460951954355,0.98994014988242,0.01005985011758004,21.7
r5n.xlarge,2.6,0.31467741935483867,13.062903225806451,0.03257046311672379,0.9894560014211498,0.010543998578850241,43.3
r5n.2xlarge,5.2,0.6301612903225806,26.093548387096774,0.06624723896235445,0.9891281247422163,0.010871875257783657,86.6
r5n.4xlarge,10.3,1.2606451612903224,52.1241935483871,0.13162980204604385,0.9892726992806696,0.010727300719330365,173.2
r5n.8xlarge,20.7,2.520806451612903,104.29274193548389,0.2635770481316025,0.9892431672630676,0.010756832736932398,346.4
r5n.12xlarge,31.0,3.7809677419354837,156.4862903225807,0.3951951022400784,0.9892509389558205,0.010749061044179498,519.6
r5n.16xlarge,41.3,5.04258064516129,208.59677419354836,0.5265192081841754,0.9892726992806696,0.010727300719330365,692.9
r5n.24xlarge,62.0,7.563387096774193,312.88951612903224,0.7900957664988048,0.989262873923629,0.010737126076371003,1039.3
r5n.metal,62.0,7.563387096774193,312.88951612903224,0.7900957664988048,0.989262873923629,0.010737126076371003,1039.3
r5b.large,1.3,0.15806451612903225,6.502419354838709,0.015974460951954355,0.98994014988242,0.01005985011758004,21.7
r5b.xlarge,2.6,0.31467741935483867,13.062903225806451,0.03257046311672379,0.9894560014211498,0.010543998578850241,43.3
r5b.2xlarge,5.2,0.6301612903225806,26.093548387096774,0.06624723896235445,0.9891281247422163,0.010871875257783657,86.6
r5b.4xlarge,10.3,1.2606451612903224,52.1241935483871,0.13162980204604385,0.9892726992806696,0.010727300719330365,173.2
r5b.8xlarge,20.7,2.520806451612903,104.29274193548389,0.2635770481316025,0.9892431672630676,0.010756832736932398,346.4
r5b.12xlarge,31.0,3.7809677419354837,156.4862903225807,0.3951951022400784,0.9892509389558205,0.010749061044179498,519.6
r5b.16xlarge,41.3,5.04258064516129,208.59677419354836,0.5265192081841754,0.9892726992806696,0.010727300719330365,692.9
r5b.24xlarge,62.0,7.563387096774193,312.88951612903224,0.7900957664988048,0.989262873923629,0.010737126076371003,1039.3
r5b.metal,62.0,7.563387096774193,312.88951612903224,0.7900957664988048,0.989262873923629,0.010737126076371003,1039.3
r6g.medium,0.8,0.05096774193548387,2.7112903225806453,0.005268542893890691,0.9894828851664178,0.010517114833582194,7.7
r6g.large,1.5,0.10048387096774193,5.505645161290323,0.010341150132175377,0.9895741488223174,0.010425851177682579,15.3
r6g.xlarge,3.1,0.20032258064516129,11.037096774193547,0.02096339905396882,0.9892254255833758,0.010774574416624218,30.6
r6g.2xlarge,6.1,0.4019354838709677,21.997580645161293,0.04225906487365588,0.9891257862799054,0.01087421372009456,61.2
r6g.4xlarge,12.2,0.8040322580645162,44.01370967741935,0.08343758220891731,0.9894018661397549,0.010598133860245103,122.5
r6g.8xlarge,24.4,1.6082258064516128,88.02096774193551,0.16806068505323243,0.9892552962379442,0.010744703762055826,245.0
r6g.12xlarge,36.6,2.412258064516129,132.0346774193548,0.2514980739836411,0.989304272185592,0.010695727814407972,367.5
r6g.16xlarge,48.8,3.2169354838709676,175.9975806451613,0.33556515570792755,0.9892934287665194,0.010706571233480624,490.0
r6g.metal,48.8,3.2169354838709676,175.9975806451613,0.33556515570792755,0.9892934287665194,0.010706571233480624,490.0
r6gd.medium,0.9,0.05096774193548387,2.7112903225806453,0.005268542893890691,0.9894828851664178,0.010517114833582194,7.7
r6gd.large,1.7,0.10048387096774193,5.505645161290323,0.010341150132175377,0.9895741488223174,0.010425851177682579,15.3
r6gd.xlarge,3.4,0.20032258064516129,11.037096774193547,0.02096339905396882,0.9892254255833758,0.010774574416624218,30.6
r6gd.2xlarge,6.8,0.4019354838709677,21.997580645161293,0.04225906487365588,0.9891257862799054,0.01087421372009456,61.2
r6gd.4xlarge,13.7,0.8040322580645162,44.01370967741935,0.08343758220891731,0.9894018661397549,0.010598133860245103,122.5
r6gd.8xlarge,27.3,1.6082258064516128,88.02096774193551,0.16806068505323243,0.9892552962379442,0.010744703762055826,245.0
r6gd.12xlarge,41.0,2.412258064516129,132.0346774193548,0.2514980739836411,0.989304272185592,0.010695727814407972,367.5
r6gd.16xlarge,54.6,3.2169354838709676,175.9975806451613,0.33556515570792755,0.9892934287665194,0.010706571233480624,490.0
r6gd.metal,54.6,3.2169354838709676,175.9975806451613,0.33556515570792755,0.9892934287665194,0.010706571233480624,490.0
t1.micro,1.2,0.06080645161290323,3.092741935483871,0.009933113982125341,0.9743375005023489,0.025662499497651085,8.8
t2.nano,0.9,0.04161290322580645,2.185483870967742,0.006802934422246165,0.9742996774013858,0.025700322598614204,6.1
t2.micro,0.9,0.043709677419354845,2.2766129032258067,0.00673326730923762,0.9770826558035027,0.02291734419649727,6.4
t2.small,0.9,0.047419354838709675,2.5032258064516135,0.006948599751141294,0.9791952146549076,0.020804785345092454,7.0
t2.medium,1.8,0.09596774193548387,5.0112903225806456,0.01411129023040419,0.9790555213108095,0.02094447868919047,14.1
t2.large,1.2,0.09435483870967742,5.150806451612904,0.012539998439955635,0.982791526014879,0.01720847398512104,14.2
t2.xlarge,2.4,0.18870967741935485,10.301612903225807,0.02507999687991127,0.982791526014879,0.01720847398512104,28.4
t2.2xlarge,4.7,0.3796774193548386,20.512903225806458,0.05048103671318475,0.9827776072997816,0.017222392700218414,56.9
t3.nano,1.0,0.08983870967741936,4.031451612903226,0.012139440883911666,0.9822266031442437,0.0177733968557563,12.5
t3.micro,1.0,0.09403225806451612,4.113709677419355,0.012070670760643862,0.9839182490297167,0.0160817509702833,13.0
t3.small,1.0,0.10306451612903225,4.22741935483871,0.01241673621324809,0.9857942271699264,0.014205772830073626,14.0
t3.medium,1.0,0.12,4.55,0.012794908261466923,0.9888215425094034,0.011178457490596648,16.0
t3.large,1.0,0.15403225806451612,5.213709677419355,0.014218041549914264,0.9915870446307833,0.008412955369216716,20.0
t3.xlarge,1.9,0.30709677419354836,10.441129032258067,0.028786256150882053,0.9913275558635379,0.008672444136462065,39.9
t3.2xlarge,3.9,0.6148387096774194,20.85645161290323,0.058118926120163686,0.9911826308444714,0.008817369155528552,79.8
t3a.nano,1.0,0.07548387096774194,3.4306451612903226,0.011582621809921754,0.9772548684643979,0.022745131535602092,10.5
t3a.micro,1.0,0.07758064516129033,3.521774193548387,0.01153958711391467,0.9785836594988251,0.021416340501174913,10.8
t3a.small,1.0,0.08129032258064516,3.7483870967741937,0.011673230401756234,0.9799959166921874,0.020004083307812552,11.4
t3a.medium,1.0,0.08870967741935484,4.201612903225806,0.01198008232561931,0.9822462239509964,0.017753776049003637,12.6
t3a.large,1.0,0.10354838709677419,5.108064516129033,0.012737851530085293,0.9852027155146571,0.014797284485342892,15.0
t3a.xlarge,1.9,0.2056451612903226,10.299193548387095,0.02573111483304811,0.9847023480879366,0.015297651912063446,29.9
t3a.2xlarge,3.9,0.4112903225806452,20.57338709677419,0.05183501853691337,0.9844850650299843,0.015514934970015659,59.8
t4g.nano,1.2,0.042741935483870966,2.0153225806451616,0.00684439432023185,0.9753033907605577,0.02469660923944228,6.0
t4g.micro,1.2,0.04483870967741935,2.1064516129032267,0.006808668038453412,0.9777102213157168,0.02228977868428316,6.3
t4g.small,1.2,0.04854838709677419,2.3330645161290327,0.0069237522683488276,0.9802610312423345,0.01973896875766545,6.9
t4g.medium,1.2,0.05596774193548387,2.7862903225806455,0.007221683011257737,0.9837550940369371,0.016244905963062935,8.1
t4g.large,1.2,0.07080645161290322,3.6927419354838715,0.00804958294820037,0.9873211483794437,0.01267885162055627,10.5
t4g.xlarge,2.4,0.14096774193548386,7.411290322580646,0.016074909191503676,0.9872448393621447,0.012755160637855319,21.0
t4g.2xlarge,4.8,0.2832258064516129,14.745967741935484,0.03275395060014523,0.9868884398538432,0.013111560146156779,42.0
u-6tb1.metal,258.7,34.05870967741936,1911.1516129032257,3.3549562479409953,0.9904357311338278,0.009564268866172234,5264.8
u-9tb1.metal,388.0,45.45483870967742,2607.3064516129034,4.539012565265496,0.9901751646794691,0.00982483532053091,7108.0
u-12tb1.metal,517.4,56.85096774193549,3303.46129032258,5.767481799358461,0.9898642804131986,0.010135719586801371,8951.2
u-18tb1.metal,776.1,79.64322580645161,4695.770967741935,8.278236018094667,0.9893681555524616,0.010631844447538397,12637.6
u-24tb1.metal,1034.8,102.43548387096774,6088.08064516129,10.81904650242544,0.9890280595838751,0.010971940416124924,16324.0
x1.16xlarge,60.5,6.0441935483870965,344.9322580645162,0.6871440995363143,0.9873206380176582,0.012679361982341762,936.4
x1.32xlarge,121.1,12.089193548387097,689.8322580645162,1.373951681539427,0.9873283880087593,0.012671611991240672,1872.9
x1e.xlarge,6.2,0.6038709677419354,35.370161290322585,0.06614658500328077,0.9882132271007185,0.011786772899281543,95.1
x1e.2xlarge,12.5,1.2088709677419356,70.74516129032257,0.13224247547781146,0.9882437033309246,0.011756296669075406,190.3
x1e.4xlarge,24.9,2.4166129032258064,141.48548387096773,0.2645353307350011,0.9882285045214987,0.011771495478501313,380.5
x1e.8xlarge,49.9,4.832096774193548,283.0661290322581,0.5291215134187401,0.9882208756494958,0.01177912435050421,761.0
x1e.16xlarge,99.7,9.664838709677419,566.1064516129034,1.0576158076873357,0.9882361321757485,0.01176386782425154,1522.0
x1e.32xlarge,199.4,19.330483870967743,1132.1806451612904,2.1151210319290663,0.9882383047362152,0.011761695263784788,3044.1
x2gd.medium,1.2,0.08064516129032258,4.524193548387097,0.008266817437896439,0.9896547787642679,0.010345221235732114,12.5
x2gd.large,2.3,0.15983870967741934,9.131451612903227,0.01608279663350349,0.9900270340182721,0.009972965981727923,24.9
x2gd.xlarge,4.7,0.31903225806451607,18.28870967741936,0.03273081012320868,0.9896377796505313,0.010362220349468654,49.8
x2gd.2xlarge,9.4,0.6393548387096774,36.5008064516129,0.0655035823662306,0.9896658863322311,0.01033411366776893,99.6
x2gd.4xlarge,18.8,1.2788709677419356,73.02016129032256,0.13021681571399588,0.9897908375885115,0.010209162411488504,199.3
x2gd.8xlarge,37.6,2.557903225806452,146.0338709677419,0.261691572635317,0.9896947780923887,0.010305221907611297,398.6
x2gd.12xlarge,56.4,3.8367741935483872,219.0540322580645,0.391908377198836,0.9897268447995294,0.010273155200470563,597.9
x2gd.16xlarge,75.2,5.116290322580646,292.0233870967742,0.5227395405086924,0.9897216324858125,0.010278367514187538,797.2
x2gd.metal,75.2,5.116290322580646,292.0233870967742,0.5227395405086924,0.9897216324858125,0.010278367514187538,797.2
z1d.large,2.2,0.24177419354838708,10.679032258064519,0.04343189317118109,0.9692125923885483,0.03078740761145172,33.0
z1d.xlarge,4.4,0.48451612903225805,21.34435483870968,0.08651917948243765,0.9695617520877782,0.030438247912221824,66.1
z1d.2xlarge,8.7,0.9696774193548385,42.637903225806454,0.17351834867155275,0.9694391933073176,0.03056080669268235,132.2
z1d.3xlarge,13.1,1.4541935483870967,63.98225806451614,0.2600373682423631,0.9694800874323907,0.03051991256760932,198.3
z1d.6xlarge,26.2,2.907258064516129,127.95967741935485,0.5197644772997115,0.969492233504583,0.03050776649541698,396.5
z1d.12xlarge,52.4,5.814516129032258,255.9193548387097,1.039528954599423,0.969492233504583,0.03050776649541698,793.0
z1d.metal,52.4,5.814516129032258,255.9193548387097,1.039528954599423,0.969492233504583,0.03050776649541698,793.0
cache.t2.micro,0.9,0.042741935483870966,2.190322580645161,0.00703325680981133,0.9739751261371205,0.026024873862879546,6.2
cache.t2.small,0.9,0.046451612903225796,2.4169354838709687,0.007236976533362066,0.9765770283455442,0.023422971654455834,6.8
cache.t2.medium,1.8,0.09225806451612903,4.88467741935484,0.013900241053764393,0.978044313130554,0.021955686869446038,13.6
cache.t3.micro,1.0,0.08983870967741936,4.031451612903226,0.012139440883911666,0.9822266031442437,0.0177733968557563,12.5
cache.t3.small,1.0,0.0967741935483871,4.154032258064516,0.012517677406719234,0.9836772757673186,0.016322724232681437,13.3
cache.t3.medium,1.0,0.11112903225806452,4.45483870967742,0.013112714754825335,0.986361269682894,0.013638730317106048,15.0
cache.m3.medium,1.5,0.07225806451612903,3.809677419354839,0.00970694420860073,0.982427792774146,0.01757220722585395,10.7
cache.m4.large,1.2,0.08903225806451615,4.788709677419355,0.011927852835151135,0.9825206445482569,0.01747935545174307,13.3
cache.m4.xlarge,2.3,0.1829032258064516,9.883870967741938,0.024899381284390867,0.9819672520852739,0.018032747914726092,27.4
cache.m4.2xlarge,4.6,0.37,20.05,0.04961952009233406,0.9824864346276196,0.01751356537238035,55.5
cache.m4.4xlarge,9.2,0.7459677419354839,40.33629032258064,0.09983320506999344,0.982556664612771,0.017443335387228972,111.8
cache.m4.10xlarge,34.5,2.189354838709677,117.57580645161289,0.30091894463176244,0.9816275040557427,0.01837249594425727,326.7
cache.m5.large,1.0,0.11032258064516129,4.737096774193547,0.012212351094313529,0.9879669585464592,0.012033041453540788,15.3
cache.m5.xlarge,1.9,0.22064516129032258,9.474193548387094,0.024424702188627058,0.9879669585464592,0.012033041453540788,30.6
cache.m5.2xlarge,3.9,0.44354838709677413,18.95806451612904,0.04935220317652187,0.9878449667931768,0.012155033206823207,61.4
cache.m5.4xlarge,7.8,0.8880645161290324,37.90241935483871,0.09839202129399649,0.9879462352233688,0.012053764776631228,122.9
cache.m5.12xlarge,23.3,2.6651612903225805,113.89354838709679,0.294863943297978,0.9879798323497895,0.012020167650210524,369.0
cache.m5.24xlarge,46.6,5.3314516129032254,227.79193548387093,0.5899806541035377,0.9879747144743257,0.012025285525674279,738.1
cache.m6g.large,1.2,0.07080645161290322,3.6927419354838715,0.00804958294820037,0.9873211483794437,0.01267885162055627,10.5
cache.m6g.xlarge,2.4,0.14096774193548386,7.411290322580646,0.016074909191503676,0.9872448393621447,0.012755160637855319,21.0
cache.m6g.2xlarge,4.8,0.2832258064516129,14.745967741935484,0.03275395060014523,0.9868884398538432,0.013111560146156779,42.0
cache.m6g.4xlarge,9.6,0.5666129032258064,29.510483870967743,0.06420504638476263,0.9874021115205649,0.012597888479435103,84.1
cache.m6g.8xlarge,19.3,1.1333870967741935,59.01451612903226,0.1294463617175649,0.9872054364861346,0.012794563513865433,168.2
cache.m6g.12xlarge,28.9,1.7,88.525,0.19365072899090752,0.9872712356401472,0.01272876435985282,252.3
cache.m6g.16xlarge,38.6,2.267258064516129,117.98467741935482,0.25846021829923455,0.9872526753421602,0.012747324657839787,336.4
cache.r3.2xlarge,8.8,0.5985483870967743,32.758064516129025,0.0763728837856184,0.9841061598772449,0.01589384012275507,90.4
cache.r4.large,1.4,0.11080645161290323,6.092741935483869,0.014094919417360824,0.9842018014827334,0.015798198517266604,16.8
cache.r4.xlarge,2.8,0.2232258064516129,12.345967741935482,0.027799663305816295,0.9848424930827446,0.015157506917255368,33.9
cache.r4.2xlarge,5.6,0.44806451612903225,24.72741935483871,0.056000269435950635,0.9847360806882994,0.015263919311700569,68.0
cache.r4.4xlarge,11.3,0.8970967741935483,49.54112903225807,0.11178004104240767,0.984826804972024,0.015173195027975983,136.2
cache.r4.8xlarge,22.6,1.7956451612903226,99.2241935483871,0.22283590435688655,0.9849465582193121,0.0150534417806879,272.7
cache.r4.16xlarge,45.1,3.5933870967741943,198.51451612903222,0.44635972681594405,0.9849183178525834,0.015081682147416566,545.7
cache.r5.large,1.3,0.19661290322580646,6.060483870967742,0.016254952019015147,0.9932341507807878,0.006765849219212197,25.0
cache.r5.xlarge,2.6,0.39516129032258074,12.093548387096769,0.031794246169552315,0.9935885553122809,0.006411444687719147,50.2
cache.r5.2xlarge,5.2,0.7920967741935484,24.241129032258062,0.06435802199257744,0.9934630654007058,0.006536934599294163,100.6
cache.r5.4xlarge,10.3,1.5858064516129031,48.517741935483876,0.12879120629102647,0.9934686794354463,0.006531320564553744,201.4
cache.r5.12xlarge,31.0,4.761129032258064,145.5798387096774,0.3864311060717716,0.9934768322999373,0.00652316770006267,604.6
cache.r5.24xlarge,62.0,9.523225806451611,291.1459677419356,0.7725055059763606,0.9934841051436836,0.006515894856316429,1209.3
cache.r6g.large,1.5,0.10048387096774193,5.505645161290323,0.010341150132175377,0.9895741488223174,0.010425851177682579,15.3
cache.r6g.xlarge,3.1,0.20032258064516129,11.037096774193547,0.02096339905396882,0.9892254255833758,0.010774574416624218,30.6
cache.r6g.2xlarge,6.1,0.4019354838709677,21.997580645161293,0.04225906487365588,0.9891257862799054,0.01087421372009456,61.2
cache.r6g.4xlarge,12.2,0.8040322580645162,44.01370967741935,0.08343758220891731,0.9894018661397549,0.010598133860245103,122.5
cache.r6g.8xlarge,24.4,1.6082258064516128,88.02096774193551,0.16806068505323243,0.9892552962379442,0.010744703762055826,245.0
cache.r6g.12xlarge,36.6,2.412258064516129,132.0346774193548,0.2514980739836411,0.989304272185592,0.010695727814407972,367.5
cache.r6g.16xlarge,48.8,3.2169354838709676,175.9975806451613,0.33556515570792755,0.9892934287665194,0.010706571233480624,490.0
t3.small.elasticsearch,1.0,0.10306451612903225,4.22741935483871,0.01241673621324809,0.9857942271699264,0.014205772830073626,14.0
t3.medium.elasticsearch,1.0,0.12,4.55,0.012794908261466923,0.9888215425094034,0.011178457490596648,16.0
t2.micro.elasticsearch,0.9,0.043709677419354845,2.2766129032258067,0.00673326730923762,0.9770826558035027,0.02291734419649727,6.4
t2.small.elasticsearch,0.9,0.047419354838709675,2.5032258064516135,0.006948599751141294,0.9791952146549076,0.020804785345092454,7.0
t2.medium.elasticsearch,1.8,0.09596774193548387,5.0112903225806456,0.01411129023040419,0.9790555213108095,0.02094447868919047,14.1
m5.large.elasticsearch,1.0,0.11790322580645163,5.008870967741936,0.013137737860355122,0.987810328893786,0.012189671106214045,16.3
m5.xlarge.elasticsearch,1.9,0.2362903225806452,10.073387096774194,0.02596861849852922,0.9881362137480818,0.011863786251918194,32.7
m5.2xlarge.elasticsearch,3.9,0.47354838709677427,20.03306451612903,0.05162632134048362,0.9883223865328847,0.011677613467115265,65.4
m5.4xlarge.elasticsearch,7.8,0.9449999999999998,40.175,0.10331306166055415,0.988257928140206,0.011742071859794034,130.7
m5.12xlarge.elasticsearch,23.3,2.837258064516129,120.43467741935484,0.3104394501110033,0.9882390726850864,0.011760927314913627,392.2
m4.large.elasticsearch,1.2,0.09435483870967742,5.150806451612904,0.012539998439955635,0.982791526014879,0.01720847398512104,14.2
m4.xlarge.elasticsearch,2.3,0.18870967741935485,10.301612903225807,0.02507999687991127,0.982791526014879,0.01720847398512104,28.4
m4.2xlarge.elasticsearch,4.6,0.3796774193548386,20.512903225806458,0.05048103671318475,0.9827776072997816,0.017222392700218414,56.9
m4.4xlarge.elasticsearch,9.2,0.7580645161290323,41.10241935483871,0.1003880672583486,0.9829113695074413,0.017088630492558706,113.8
m4.10xlarge.elasticsearch,34.5,2.2095161290322576,118.7443548387097,0.3025384604165516,0.9817627942839254,0.018237205716074567,329.9
m3.medium.elasticsearch,1.5,0.07225806451612903,3.809677419354839,0.00970694420860073,0.982427792774146,0.01757220722585395,10.7
m3.large.elasticsearch,2.9,0.14387096774193547,7.64516129032258,0.021150567700368418,0.9790641709943004,0.02093582900569957,21.3
m3.xlarge.elasticsearch,5.8,0.2880645161290323,15.227419354838709,0.04143278096132814,0.979933069252559,0.02006693074744104,42.6
m3.2xlarge.elasticsearch,11.7,0.5756451612903226,30.499193548387087,0.0832553007877648,0.9797165447204929,0.020283455279507145,85.2
c5.large.elasticsearch,1.1,0.12629032258064515,5.948387096774194,0.01517286791993231,0.9858709066958045,0.014129093304195537,18.0
c5.xlarge.elasticsearch,2.2,0.25225806451612903,11.859677419354838,0.031209989995934093,0.9850354861063022,0.014964513893697795,35.9
c5.2xlarge.elasticsearch,4.3,0.5048387096774194,23.73145161290323,0.061893729625136236,0.9852996194605776,0.014700380539422353,71.9
c5.4xlarge.elasticsearch,8.6,1.0091935483870966,47.432258064516134,0.12376355179689195,0.9852913874500404,0.014708612549959591,143.7
c5.9xlarge.elasticsearch,19.4,2.2711290322580644,106.75483870967741,0.2787547333279885,0.985267376885508,0.014732623114491968,323.4
c5.18xlarge.elasticsearch,38.9,4.541612903225807,213.5604838709677,0.5569467000449392,0.9852923665001158,0.014707633499884238,646.8
c4.large.elasticsearch,1.7,0.12241935483870968,6.453225806451613,0.01903669986440321,0.9766617053363842,0.023338294663615814,18.0
c4.xlarge.elasticsearch,3.4,0.24612903225806454,12.829838709677416,0.036911617165735204,0.9782408039342902,0.02175919606570975,36.1
c4.2xlarge.elasticsearch,6.7,0.49145161290322575,25.666935483870972,0.07504538169145002,0.9774673833508233,0.02253261664917671,72.1
c4.4xlarge.elasticsearch,13.4,0.9840322580645163,51.33870967741935,0.15031128816784287,0.9774534339459483,0.022546566054051698,144.3
c4.8xlarge.elasticsearch,30.2,2.1861290322580644,113.8298387096774,0.3361228890064587,0.9771667033239492,0.02283329667605083,320.2
r5.large.elasticsearch,1.3,0.22161290322580646,6.510483870967741,0.017346959777654793,0.9939286196970183,0.00607138030298171,27.9
r5.xlarge.elasticsearch,2.6,0.4441935483870968,13.007258064516126,0.03433523975255964,0.9940780533670667,0.005921946632933327,55.9
r5.2xlarge.elasticsearch,5.2,0.8875806451612903,26.046774193548387,0.06754551015224751,0.9942585114638134,0.005741488536186611,111.8
r5.4xlarge.elasticsearch,10.3,1.7759677419354838,52.061290322580646,0.13621590829729432,0.9941685881682739,0.005831411831726084,223.6
r5.12xlarge.elasticsearch,31.0,5.326612903225806,156.26048387096773,0.4076047629996218,0.9941952712973129,0.005804728702687111,670.8
r4.large.elasticsearch,1.4,0.12193548387096775,6.77258064516129,0.015045024345085811,0.9851151699991505,0.014884830000849501,18.6
r4.xlarge.elasticsearch,2.8,0.24274193548387096,13.56532258064516,0.029128313319460104,0.9859044395785386,0.01409556042146143,37.1
r4.2xlarge.elasticsearch,5.6,0.487258064516129,27.084677419354843,0.05898392830362325,0.9856606612128321,0.014339338787167871,74.3
r4.4xlarge.elasticsearch,11.3,0.9732258064516129,54.245967741935495,0.1175636354349883,0.9857196879486594,0.014280312051340619,148.6
r4.8xlarge.elasticsearch,22.6,1.9462903225806454,108.47338709677418,0.2362615720701193,0.9855822076973484,0.014417792302651613,297.1
r4.16xlarge.elasticsearch,45.1,3.8938709677419348,216.8701612903226,0.4714865472693596,0.9856533511867709,0.014346648813229114,594.3
r3.large.elasticsearch,2.3,0.14983870967741938,8.156451612903226,0.018943546670511742,0.9843896845755041,0.015610315424495863,22.6
r3.xlarge.elasticsearch,4.7,0.2987096774193549,16.42661290322581,0.03811821321862078,0.9841030642015071,0.01589693579849294,45.2
r3.2xlarge.elasticsearch,9.4,0.5985483870967743,32.758064516129025,0.0763728837856184,0.9841061598772449,0.01589384012275507,90.4
r3.4xlarge.elasticsearch,18.7,1.195967741935484,65.61129032258064,0.15260881721778619,0.9841047137999043,0.01589528620009573,180.8
r3.8xlarge.elasticsearch,37.4,2.3917741935483874,131.2040322580645,0.3048489821617869,0.9841400921582886,0.015859907841711426,361.6
i3.large.elasticsearch,2.1,0.12193548387096775,6.77258064516129,0.015045024345085811,0.9851151699991505,0.014884830000849501,18.6
i3.xlarge.elasticsearch,4.2,0.24274193548387096,13.56532258064516,0.029128313319460104,0.9859044395785386,0.01409556042146143,37.1
i3.2xlarge.elasticsearch,8.3,0.487258064516129,27.084677419354843,0.05898392830362325,0.9856606612128321,0.014339338787167871,74.3
i3.4xlarge.elasticsearch,16.6,0.9732258064516129,54.245967741935495,0.1175636354349883,0.9857196879486594,0.014280312051340619,148.6
i3.8xlarge.elasticsearch,33.3,1.9462903225806454,108.47338709677418,0.2362615720701193,0.9855822076973484,0.014417792302651613,297.1
i3.16xlarge.elasticsearch,66.6,3.8938709677419348,216.8701612903226,0.4714865472693596,0.9856533511867709,0.014346648813229114,594.3
i2.xlarge.elasticsearch,4.7,0.2987096774193549,16.42661290322581,0.03811821321862078,0.9841030642015071,0.01589693579849294,45.2
i2.2xlarge.elasticsearch,9.4,0.5985483870967743,32.758064516129025,0.0763728837856184,0.9841061598772449,0.01589384012275507,90.4
m6g.large.elasticsearch,1.2,0.07080645161290322,3.6927419354838715,0.00804958294820037,0.9873211483794437,0.01267885162055627,10.5
m6g.xlarge.elasticsearch,2.4,0.14096774193548386,7.411290322580646,0.016074909191503676,0.9872448393621447,0.012755160637855319,21.0
m6g.2xlarge.elasticsearch,4.8,0.2832258064516129,14.745967741935484,0.03275395060014523,0.9868884398538432,0.013111560146156779,42.0
m6g.4xlarge.elasticsearch,9.6,0.5666129032258064,29.510483870967743,0.06420504638476263,0.9874021115205649,0.012597888479435103,84.1
m6g.8xlarge.elasticsearch,19.3,1.1333870967741935,59.01451612903226,0.1294463617175649,0.9872054364861346,0.012794563513865433,168.2
m6g.12xlarge.elasticsearch,28.9,1.7,88.525,0.19365072899090752,0.9872712356401472,0.01272876435985282,252.3
c6g.large.elasticsearch,1.0,0.05596774193548387,2.7862903225806455,0.007221683011257737,0.9837550940369371,0.016244905963062935,8.1
c6g.xlarge.elasticsearch,2.1,0.11129032258064517,5.598387096774194,0.014198129759149527,0.9841108886442906,0.015889111355709362,16.2
c6g.2xlarge.elasticsearch,4.2,0.2238709677419355,11.120161290322583,0.02917494060335266,0.9834373690222586,0.01656263097774135,32.4
c6g.4xlarge.elasticsearch,8.4,0.4479032258064517,22.258870967741927,0.056938168172123806,0.9842215557981027,0.015778444201897335,64.9
c6g.8xlarge.elasticsearch,16.7,0.895967741935484,44.511290322580635,0.1147610397909593,0.9839869498697111,0.016013050130288864,129.8
c6g.12xlarge.elasticsearch,25.1,1.3438709677419354,66.77016129032258,0.17169801809361038,0.9840655364263174,0.015934463573682552,194.7
r6g.large.elasticsearch,1.5,0.10048387096774193,5.505645161290323,0.010341150132175377,0.9895741488223174,0.010425851177682579,15.3
r6g.xlarge.elasticsearch,3.1,0.20032258064516129,11.037096774193547,0.02096339905396882,0.9892254255833758,0.010774574416624218,30.6
r6g.2xlarge.elasticsearch,6.1,0.4019354838709677,21.997580645161293,0.04225906487365588,0.9891257862799054,0.01087421372009456,61.2
r6g.4xlarge.elasticsearch,12.2,0.8040322580645162,44.01370967741935,0.08343758220891731,0.9894018661397549,0.010598133860245103,122.5
r6g.8xlarge.elasticsearch,24.4,1.6082258064516128,88.02096774193551,0.16806068505323243,0.9892552962379442,0.010744703762055826,245.0
r6g.12xlarge.elasticsearch,36.6,2.412258064516129,132.0346774193548,0.2514980739836411,0.989304272185592,0.010695727814407972,367.5
r6gd.large.elasticsearch,1.7,0.10048387096774193,5.505645161290323,0.010341150132175377,0.9895741488223174,0.010425851177682579,15.3
r6gd.xlarge.elasticsearch,3.4,0.20032258064516129,11.037096774193547,0.02096339905396882,0.9892254255833758,0.010774574416624218,30.6
r6gd.2xlarge.elasticsearch,6.8,0.4019354838709677,21.997580645161293,0.04225906487365588,0.9891257862799054,0.01087421372009456,61.2
r6gd.4xlarge.elasticsearch,13.7,0.8040322580645162,44.01370967741935,0.08343758220891731,0.9894018661397549,0.010598133860245103,122.5
r6gd.8xlarge.elasticsearch,27.3,1.6082258064516128,88.02096774193551,0.16806068505323243,0.9892552962379442,0.010744703762055826,245.0
r6gd.12xlarge.elasticsearch,41.0,2.412258064516129,132.0346774193548,0.2514980739836411,0.989304272185592,0.010695727814407972,367.5
r6gd.16xlarge.elasticsearch,54.6,3.2169354838709676,175.9975806451613,0.33556515570792755,0.9892934287665194,0.010706571233480624,490.0
db.m6g.large,1.2,0.07080645161290322,3.6927419354838715,0.00804958294820037,0.9873211483794437,0.01267885162055627,10.5
db.m6g.xlarge,2.4,0.14096774193548386,7.411290322580646,0.016074909191503676,0.9872448393621447,0.012755160637855319,21.0
db.m6g.2xlarge,4.8,0.2832258064516129,14.745967741935484,0.03275395060014523,0.9868884398538432,0.013111560146156779,42.0
db.m6g.4xlarge,9.6,0.5666129032258064,29.510483870967743,0.06420504638476263,0.9874021115205649,0.012597888479435103,84.1
db.m6g.8xlarge,19.3,1.1333870967741935,59.01451612903226,0.1294463617175649,0.9872054364861346,0.012794563513865433,168.2
db.m6g.12xlarge,28.9,1.7,88.525,0.19365072899090752,0.9872712356401472,0.01272876435985282,252.3
db.m6g.16xlarge,38.6,2.267258064516129,117.98467741935482,0.25846021829923455,0.9872526753421602,0.012747324657839787,336.4
db.m5.large,1.0,0.11790322580645163,5.008870967741936,0.013137737860355122,0.987810328893786,0.012189671106214045,16.3
db.m5.xlarge,1.9,0.2362903225806452,10.073387096774194,0.02596861849852922,0.9881362137480818,0.011863786251918194,32.7
db.m5.2xlarge,3.9,0.47354838709677427,20.03306451612903,0.05162632134048362,0.9883223865328847,0.011677613467115265,65.4
db.m5.4xlarge,7.8,0.9449999999999998,40.175,0.10331306166055415,0.988257928140206,0.011742071859794034,130.7
db.m5.8xlarge,15.5,1.8912903225806448,80.27338709677421,0.20743774375416527,0.9881829914411014,0.011817008558898558,261.4
db.m5.12xlarge,23.3,2.837258064516129,120.43467741935484,0.3104394501110033,0.9882390726850864,0.011760927314913627,392.2
db.m5.16xlarge,31.1,3.782741935483871,160.56532258064516,0.41345133573847903,0.9882635442190877,0.011736455780912314,522.9
db.m5.24xlarge,46.6,5.673548387096773,240.88306451612908,0.6211896388203324,0.9882235588374615,0.011776441162538513,784.3
db.m4.large,1.2,0.09435483870967742,5.150806451612904,0.012539998439955635,0.982791526014879,0.01720847398512104,14.2
db.m4.xlarge,2.3,0.18870967741935485,10.301612903225807,0.02507999687991127,0.982791526014879,0.01720847398512104,28.4
db.m4.2xlarge,4.6,0.3796774193548386,20.512903225806458,0.05048103671318475,0.9827776072997816,0.017222392700218414,56.9
db.m4.4xlarge,9.2,0.7580645161290323,41.10241935483871,0.1003880672583486,0.9829113695074413,0.017088630492558706,113.8
db.m4.10xlarge,34.5,2.2095161290322576,118.7443548387097,0.3025384604165516,0.9817627942839254,0.018237205716074567,329.9
db.m4.16xlarge,36.9,3.033225806451613,164.2959677419355,0.402983128586146,0.9828031956888434,0.017196804311156548,455.1
db.m3.medium,1.3,0.07225806451612903,3.809677419354839,0.00970694420860073,0.982427792774146,0.01757220722585395,10.7
db.m3.large,2.6,0.14387096774193547,7.64516129032258,0.021150567700368418,0.9790641709943004,0.02093582900569957,21.3
db.m3.xlarge,5.1,0.2880645161290323,15.227419354838709,0.04143278096132814,0.979933069252559,0.02006693074744104,42.6
db.m3.2xlarge,10.2,0.5756451612903226,30.499193548387087,0.0832553007877648,0.9797165447204929,0.020283455279507145,85.2
db.m1.small,1.1,0.055161290322580644,2.793548387096774,0.008399494558897748,0.977589857558343,0.022410142441656955,8.0
db.m1.medium,1.1,0.061451612903225795,3.341935483870968,0.008645973722056822,0.9807737733963575,0.019226226603642482,9.2
db.m1.large,2.3,0.12403225806451611,6.588709677419357,0.01748085023303867,0.9807094010096606,0.019290598990339355,18.4
db.m1.xlarge,4.5,0.24806451612903221,13.177419354838714,0.03496170046607734,0.9807094010096606,0.019290598990339355,36.8
db.z1d.12xlarge,46.6,5.814516129032258,255.9193548387097,1.039528954599423,0.969492233504583,0.03050776649541698,793.0
db.z1d.large,1.9,0.24177419354838708,10.679032258064519,0.04343189317118109,0.9692125923885483,0.03078740761145172,33.0
db.z1d.xlarge,3.9,0.48451612903225805,21.34435483870968,0.08651917948243765,0.9695617520877782,0.030438247912221824,66.1
db.z1d.2xlarge,7.8,0.9696774193548385,42.637903225806454,0.17351834867155275,0.9694391933073176,0.03056080669268235,132.2
db.z1d.3xlarge,11.6,1.4541935483870967,63.98225806451614,0.2600373682423631,0.9694800874323907,0.03051991256760932,198.3
db.z1d.6xlarge,23.3,2.907258064516129,127.95967741935485,0.5197644772997115,0.969492233504583,0.03050776649541698,396.5
db.x1e.xlarge,6.1,0.6038709677419354,35.370161290322585,0.06614658500328077,0.9882132271007185,0.011786772899281543,95.1
db.x1e.2xlarge,12.1,1.2088709677419356,70.74516129032257,0.13224247547781146,0.9882437033309246,0.011756296669075406,190.3
db.x1e.4xlarge,24.2,2.4166129032258064,141.48548387096773,0.2645353307350011,0.9882285045214987,0.011771495478501313,380.5
db.x1e.8xlarge,48.4,4.832096774193548,283.0661290322581,0.5291215134187401,0.9882208756494958,0.01177912435050421,761.0
db.x1e.16xlarge,96.8,9.664838709677419,566.1064516129034,1.0576158076873357,0.9882361321757485,0.01176386782425154,1522.0
db.x1e.32xlarge,193.6,19.330483870967743,1132.1806451612904,2.1151210319290663,0.9882383047362152,0.011761695263784788,3044.1
db.x1.32xlarge,115.3,12.089193548387097,689.8322580645162,1.373951681539427,0.9873283880087593,0.012671611991240672,1872.9
db.x1.16xlarge,57.7,6.0441935483870965,344.9322580645162,0.6871440995363143,0.9873206380176582,0.012679361982341762,936.4
db.r6g.large,1.5,0.10048387096774193,5.505645161290323,0.010341150132175377,0.9895741488223174,0.010425851177682579,15.3
db.r6g.xlarge,3.1,0.20032258064516129,11.037096774193547,0.02096339905396882,0.9892254255833758,0.010774574416624218,30.6
db.r6g.2xlarge,6.1,0.4019354838709677,21.997580645161293,0.04225906487365588,0.9891257862799054,0.01087421372009456,61.2
db.r6g.4xlarge,12.2,0.8040322580645162,44.01370967741935,0.08343758220891731,0.9894018661397549,0.010598133860245103,122.5
db.r6g.12xlarge,36.6,2.412258064516129,132.0346774193548,0.2514980739836411,0.989304272185592,0.010695727814407972,367.5
db.r6g.16xlarge,48.8,3.2169354838709676,175.9975806451613,0.33556515570792755,0.9892934287665194,0.010706571233480624,490.0
db.r5.large,1.3,0.22161290322580646,6.510483870967741,0.017346959777654793,0.9939286196970183,0.00607138030298171,27.9
db.r5.xlarge,2.6,0.4441935483870968,13.007258064516126,0.03433523975255964,0.9940780533670667,0.005921946632933327,55.9
db.r5.2xlarge,5.2,0.8875806451612903,26.046774193548387,0.06754551015224751,0.9942585114638134,0.005741488536186611,111.8
db.r5.4xlarge,10.3,1.7759677419354838,52.061290322580646,0.13621590829729432,0.9941685881682739,0.005831411831726084,223.6
db.r5.8xlarge,20.7,3.551290322580645,104.14838709677417,0.2718143456507776,0.9941926715850496,0.005807328414950352,447.2
db.r5.12xlarge,31.0,5.326612903225806,156.26048387096773,0.4076047629996218,0.9941952712973129,0.005804728702687111,670.8
db.r5.16xlarge,41.3,7.10241935483871,208.30322580645156,0.5431199972617486,0.9942031795164284,0.005796820483571551,894.4
db.r5.24xlarge,62.0,10.653709677419355,312.4516129032257,0.8149339314908334,0.9941996836548741,0.0058003163451259,1341.6
db.r4.large,1.4,0.12193548387096775,6.77258064516129,0.015045024345085811,0.9851151699991505,0.014884830000849501,18.6
db.r4.xlarge,2.8,0.24274193548387096,13.56532258064516,0.029128313319460104,0.9859044395785386,0.01409556042146143,37.1
db.r4.2xlarge,5.6,0.487258064516129,27.084677419354843,0.05898392830362325,0.9856606612128321,0.014339338787167871,74.3
db.r4.4xlarge,11.3,0.9732258064516129,54.245967741935495,0.1175636354349883,0.9857196879486594,0.014280312051340619,148.6
db.r4.8xlarge,22.6,1.9462903225806454,108.47338709677418,0.2362615720701193,0.9855822076973484,0.014417792302651613,297.1
db.r4.16xlarge,45.1,3.8938709677419348,216.8701612903226,0.4714865472693596,0.9856533511867709,0.014346648813229114,594.3
db.r3.large,2.0,0.14983870967741938,8.156451612903226,0.018943546670511742,0.9843896845755041,0.015610315424495863,22.6
db.r3.xlarge,4.1,0.2987096774193549,16.42661290322581,0.03811821321862078,0.9841030642015071,0.01589693579849294,45.2
db.r3.2xlarge,8.2,0.5985483870967743,32.758064516129025,0.0763728837856184,0.9841061598772449,0.01589384012275507,90.4
db.r3.4xlarge,16.4,1.195967741935484,65.61129032258064,0.15260881721778619,0.9841047137999043,0.01589528620009573,180.8
db.r3.8xlarge,32.8,2.3917741935483874,131.2040322580645,0.3048489821617869,0.9841400921582886,0.015859907841711426,361.6
db.m2.xlarge,2.7,0.17983870967741936,9.806451612903226,0.02358895092239477,0.9832267999659382,0.016773200034061794,27.1
db.m2.2xlarge,5.3,0.35854838709677417,19.633064516129036,0.046328451757507196,0.9837112834804363,0.016288716519563654,54.1
db.m2.4xlarge,10.6,0.7187096774193549,39.20161290322581,0.09303124580005002,0.9836544409489222,0.016345559051077815,108.3
db.t3.micro,1.0,0.09403225806451612,4.113709677419355,0.012070670760643862,0.9839182490297167,0.0160817509702833,13.0
db.t3.small,1.0,0.10306451612903225,4.22741935483871,0.01241673621324809,0.9857942271699264,0.014205772830073626,14.0
db.t3.medium,1.0,0.12,4.55,0.012794908261466923,0.9888215425094034,0.011178457490596648,16.0
db.t3.large,1.0,0.15403225806451612,5.213709677419355,0.014218041549914264,0.9915870446307833,0.008412955369216716,20.0
db.t3.xlarge,1.9,0.30709677419354836,10.441129032258067,0.028786256150882053,0.9913275558635379,0.008672444136462065,39.9
db.t3.2xlarge,3.9,0.6148387096774194,20.85645161290323,0.058118926120163686,0.9911826308444714,0.008817369155528552,79.8
db.t2.micro,0.9,0.043709677419354845,2.2766129032258067,0.00673326730923762,0.9770826558035027,0.02291734419649727,6.4
db.t2.small,0.9,0.047419354838709675,2.5032258064516135,0.006948599751141294,0.9791952146549076,0.020804785345092454,7.0
db.t2.medium,1.8,0.09596774193548387,5.0112903225806456,0.01411129023040419,0.9790555213108095,0.02094447868919047,14.1
db.t2.large,1.8,0.11080645161290323,5.91774193548387,0.015042862796816008,0.9820641124275368,0.017935887572463227,16.5
db.t2.xlarge,3.6,0.22112903225806452,11.87983870967742,0.03050594438925197,0.9814949367564432,0.01850506324355683,33.0
db.t2.2xlarge,7.1,0.44209677419354837,23.741129032258062,0.06057536091213813,0.9817386564399636,0.01826134356003639,66.0
